[{"model": "admin.logentry", "pk": 41, "fields": {"action_time": "2021-09-05T00:09:12.784Z", "user": 22, "content_type": 4, "object_id": "19", "object_repr": "pulagroasasifrumoasa", "action_flag": 3, "change_message": ""}}, {"model": "admin.logentry", "pk": 42, "fields": {"action_time": "2021-09-05T00:10:50.672Z", "user": 22, "content_type": 7, "object_id": "21", "object_repr": "Claudiu Mocanu-Vasile", "action_flag": 1, "change_message": "[{\"added\": {}}]"}}, {"model": "admin.logentry", "pk": 43, "fields": {"action_time": "2021-09-05T12:12:23.868Z", "user": 22, "content_type": 4, "object_id": "16", "object_repr": "claudiu1", "action_flag": 3, "change_message": ""}}, {"model": "admin.logentry", "pk": 44, "fields": {"action_time": "2021-09-05T12:12:24.000Z", "user": 22, "content_type": 4, "object_id": "8", "object_repr": "Ingineru", "action_flag": 3, "change_message": ""}}, {"model": "admin.logentry", "pk": 45, "fields": {"action_time": "2021-09-05T12:12:24.132Z", "user": 22, "content_type": 4, "object_id": "17", "object_repr": "MVC1234", "action_flag": 3, "change_message": ""}}, {"model": "admin.logentry", "pk": 46, "fields": {"action_time": "2021-09-05T12:12:24.262Z", "user": 22, "content_type": 4, "object_id": "20", "object_repr": "MVC12345678", "action_flag": 3, "change_message": ""}}, {"model": "admin.logentry", "pk": 47, "fields": {"action_time": "2021-09-05T12:12:24.393Z", "user": 22, "content_type": 4, "object_id": "6", "object_repr": "ruxandra.maierean", "action_flag": 3, "change_message": ""}}, {"model": "admin.logentry", "pk": 48, "fields": {"action_time": "2021-09-05T12:12:24.524Z", "user": 22, "content_type": 4, "object_id": "18", "object_repr": "SabinaIancu", "action_flag": 3, "change_message": ""}}, {"model": "admin.logentry", "pk": 49, "fields": {"action_time": "2021-09-05T12:12:51.930Z", "user": 22, "content_type": 11, "object_id": "11", "object_repr": "Acer N50-610 Gaming System_Order_11", "action_flag": 3, "change_message": ""}}, {"model": "admin.logentry", "pk": 50, "fields": {"action_time": "2021-09-05T12:12:52.060Z", "user": 22, "content_type": 11, "object_id": "10", "object_repr": "Lenovo Legion T7 34IMZ4 Gaming System_Order_10", "action_flag": 3, "change_message": ""}}, {"model": "admin.logentry", "pk": 51, "fields": {"action_time": "2021-09-05T12:12:52.189Z", "user": 22, "content_type": 11, "object_id": "9", "object_repr": "HP Pavilion Gaming System_Order_9", "action_flag": 3, "change_message": ""}}, {"model": "admin.logentry", "pk": 52, "fields": {"action_time": "2021-09-05T12:12:52.318Z", "user": 22, "content_type": 11, "object_id": "8", "object_repr": "Lenovo Legion T7 34IMZ5 Gaming System_Order_8", "action_flag": 3, "change_message": ""}}, {"model": "admin.logentry", "pk": 53, "fields": {"action_time": "2021-09-05T12:12:52.447Z", "user": 22, "content_type": 11, "object_id": "7", "object_repr": "Lenovo Legion T7 34IMZ5 Gaming System_Order_7", "action_flag": 3, "change_message": ""}}, {"model": "admin.logentry", "pk": 54, "fields": {"action_time": "2021-09-05T12:12:52.583Z", "user": 22, "content_type": 11, "object_id": "6", "object_repr": "HP GT12-1004nq OMEN Gaming System_Order_6", "action_flag": 3, "change_message": ""}}, {"model": "admin.logentry", "pk": 55, "fields": {"action_time": "2021-09-05T12:12:52.724Z", "user": 22, "content_type": 11, "object_id": "5", "object_repr": "HP Pavilion Gaming System_Order_5", "action_flag": 3, "change_message": ""}}, {"model": "admin.logentry", "pk": 56, "fields": {"action_time": "2021-09-05T12:12:52.853Z", "user": 22, "content_type": 11, "object_id": "4", "object_repr": "HP GT12-1004nq OMEN Gaming System_Order_4", "action_flag": 3, "change_message": ""}}, {"model": "admin.logentry", "pk": 57, "fields": {"action_time": "2021-09-05T12:12:52.982Z", "user": 22, "content_type": 11, "object_id": "3", "object_repr": "HP GT12-1004nq OMEN Gaming System_Order_3", "action_flag": 3, "change_message": ""}}, {"model": "admin.logentry", "pk": 58, "fields": {"action_time": "2021-09-05T12:12:53.111Z", "user": 22, "content_type": 11, "object_id": "2", "object_repr": "HP GT12-1004nq OMEN Gaming System_Order_2", "action_flag": 3, "change_message": ""}}, {"model": "admin.logentry", "pk": 59, "fields": {"action_time": "2021-09-05T12:12:53.240Z", "user": 22, "content_type": 11, "object_id": "1", "object_repr": "HP GT12-1004nq OMEN Gaming System_Order_1", "action_flag": 3, "change_message": ""}}, {"model": "admin.logentry", "pk": 60, "fields": {"action_time": "2021-09-05T12:13:08.799Z", "user": 22, "content_type": 8, "object_id": "10", "object_repr": "10", "action_flag": 3, "change_message": ""}}, {"model": "admin.logentry", "pk": 61, "fields": {"action_time": "2021-09-05T12:13:08.932Z", "user": 22, "content_type": 8, "object_id": "9", "object_repr": "9", "action_flag": 3, "change_message": ""}}, {"model": "admin.logentry", "pk": 62, "fields": {"action_time": "2021-09-05T12:13:09.064Z", "user": 22, "content_type": 8, "object_id": "8", "object_repr": "8", "action_flag": 3, "change_message": ""}}, {"model": "admin.logentry", "pk": 63, "fields": {"action_time": "2021-09-05T12:13:09.197Z", "user": 22, "content_type": 8, "object_id": "7", "object_repr": "7", "action_flag": 3, "change_message": ""}}, {"model": "admin.logentry", "pk": 64, "fields": {"action_time": "2021-09-05T12:13:09.330Z", "user": 22, "content_type": 8, "object_id": "6", "object_repr": "6", "action_flag": 3, "change_message": ""}}, {"model": "admin.logentry", "pk": 65, "fields": {"action_time": "2021-09-05T12:13:09.463Z", "user": 22, "content_type": 8, "object_id": "5", "object_repr": "5", "action_flag": 3, "change_message": ""}}, {"model": "admin.logentry", "pk": 66, "fields": {"action_time": "2021-09-05T12:13:09.597Z", "user": 22, "content_type": 8, "object_id": "4", "object_repr": "4", "action_flag": 3, "change_message": ""}}, {"model": "admin.logentry", "pk": 67, "fields": {"action_time": "2021-09-05T12:13:09.730Z", "user": 22, "content_type": 8, "object_id": "3", "object_repr": "3", "action_flag": 3, "change_message": ""}}, {"model": "admin.logentry", "pk": 68, "fields": {"action_time": "2021-09-05T12:13:09.919Z", "user": 22, "content_type": 8, "object_id": "2", "object_repr": "2", "action_flag": 3, "change_message": ""}}, {"model": "admin.logentry", "pk": 69, "fields": {"action_time": "2021-09-05T12:13:10.062Z", "user": 22, "content_type": 8, "object_id": "1", "object_repr": "1", "action_flag": 3, "change_message": ""}}, {"model": "admin.logentry", "pk": 70, "fields": {"action_time": "2021-09-05T12:13:36.407Z", "user": 22, "content_type": 10, "object_id": "21", "object_repr": "Luceafarului", "action_flag": 3, "change_message": ""}}, {"model": "admin.logentry", "pk": 71, "fields": {"action_time": "2021-09-05T12:13:36.540Z", "user": 22, "content_type": 10, "object_id": "20", "object_repr": "Luceafarului", "action_flag": 3, "change_message": ""}}, {"model": "admin.logentry", "pk": 72, "fields": {"action_time": "2021-09-05T12:13:36.671Z", "user": 22, "content_type": 10, "object_id": "19", "object_repr": "Strada Pulii", "action_flag": 3, "change_message": ""}}, {"model": "admin.logentry", "pk": 73, "fields": {"action_time": "2021-09-05T12:13:36.804Z", "user": 22, "content_type": 10, "object_id": "18", "object_repr": "Primaverii", "action_flag": 3, "change_message": ""}}, {"model": "admin.logentry", "pk": 74, "fields": {"action_time": "2021-09-05T12:13:36.936Z", "user": 22, "content_type": 10, "object_id": "17", "object_repr": "Luceafarului", "action_flag": 3, "change_message": ""}}, {"model": "admin.logentry", "pk": 75, "fields": {"action_time": "2021-09-05T12:13:37.068Z", "user": 22, "content_type": 10, "object_id": "16", "object_repr": "Luceafarului", "action_flag": 3, "change_message": ""}}, {"model": "admin.logentry", "pk": 76, "fields": {"action_time": "2021-09-05T12:13:37.201Z", "user": 22, "content_type": 10, "object_id": "15", "object_repr": "Luceafarului", "action_flag": 3, "change_message": ""}}, {"model": "admin.logentry", "pk": 77, "fields": {"action_time": "2021-09-05T12:13:37.333Z", "user": 22, "content_type": 10, "object_id": "14", "object_repr": "Luceafarului", "action_flag": 3, "change_message": ""}}, {"model": "admin.logentry", "pk": 78, "fields": {"action_time": "2021-09-05T12:13:37.466Z", "user": 22, "content_type": 10, "object_id": "13", "object_repr": "Luceafarului", "action_flag": 3, "change_message": ""}}, {"model": "admin.logentry", "pk": 79, "fields": {"action_time": "2021-09-05T12:13:37.600Z", "user": 22, "content_type": 10, "object_id": "12", "object_repr": "Luceafarului", "action_flag": 3, "change_message": ""}}, {"model": "admin.logentry", "pk": 80, "fields": {"action_time": "2021-09-05T12:13:37.734Z", "user": 22, "content_type": 10, "object_id": "11", "object_repr": "Luceafarului", "action_flag": 3, "change_message": ""}}, {"model": "admin.logentry", "pk": 81, "fields": {"action_time": "2021-09-05T12:13:37.867Z", "user": 22, "content_type": 10, "object_id": "10", "object_repr": "Luceafarului", "action_flag": 3, "change_message": ""}}, {"model": "admin.logentry", "pk": 82, "fields": {"action_time": "2021-09-05T12:13:38.000Z", "user": 22, "content_type": 10, "object_id": "9", "object_repr": "Luceafarului", "action_flag": 3, "change_message": ""}}, {"model": "admin.logentry", "pk": 83, "fields": {"action_time": "2021-09-05T12:13:38.134Z", "user": 22, "content_type": 10, "object_id": "8", "object_repr": "First_Corner", "action_flag": 3, "change_message": ""}}, {"model": "admin.logentry", "pk": 84, "fields": {"action_time": "2021-09-05T12:13:38.267Z", "user": 22, "content_type": 10, "object_id": "7", "object_repr": "LastRing", "action_flag": 3, "change_message": ""}}, {"model": "admin.logentry", "pk": 85, "fields": {"action_time": "2021-09-05T12:13:38.400Z", "user": 22, "content_type": 10, "object_id": "6", "object_repr": "Luceafarului", "action_flag": 3, "change_message": ""}}, {"model": "admin.logentry", "pk": 86, "fields": {"action_time": "2021-09-05T12:13:38.533Z", "user": 22, "content_type": 10, "object_id": "5", "object_repr": "str. Progresului", "action_flag": 3, "change_message": ""}}, {"model": "admin.logentry", "pk": 87, "fields": {"action_time": "2021-09-05T12:13:38.666Z", "user": 22, "content_type": 10, "object_id": "4", "object_repr": "Luceafarului", "action_flag": 3, "change_message": ""}}, {"model": "admin.logentry", "pk": 88, "fields": {"action_time": "2021-09-05T12:13:38.800Z", "user": 22, "content_type": 10, "object_id": "3", "object_repr": "Luceafarului", "action_flag": 3, "change_message": ""}}, {"model": "admin.logentry", "pk": 89, "fields": {"action_time": "2021-09-05T12:13:38.934Z", "user": 22, "content_type": 10, "object_id": "2", "object_repr": "Luceafarului", "action_flag": 3, "change_message": ""}}, {"model": "admin.logentry", "pk": 90, "fields": {"action_time": "2021-09-05T12:13:39.066Z", "user": 22, "content_type": 10, "object_id": "1", "object_repr": "Luceafarului", "action_flag": 3, "change_message": ""}}, {"model": "admin.logentry", "pk": 91, "fields": {"action_time": "2021-09-05T12:14:05.967Z", "user": 22, "content_type": 7, "object_id": "1", "object_repr": "None None", "action_flag": 3, "change_message": ""}}, {"model": "admin.logentry", "pk": 92, "fields": {"action_time": "2021-09-05T12:15:20.077Z", "user": 22, "content_type": 10, "object_id": "22", "object_repr": "Primaverii 2A", "action_flag": 1, "change_message": "[{\"added\": {}}]"}}, {"model": "admin.logentry", "pk": 93, "fields": {"action_time": "2021-09-07T07:53:08.475Z", "user": 22, "content_type": 9, "object_id": "11", "object_repr": "Dell XPS 8940", "action_flag": 2, "change_message": "[{\"changed\": {\"fields\": [\"Name\"]}}]"}}, {"model": "auth.permission", "pk": 1, "fields": {"name": "Can add log entry", "content_type": 1, "codename": "add_logentry"}}, {"model": "auth.permission", "pk": 2, "fields": {"name": "Can change log entry", "content_type": 1, "codename": "change_logentry"}}, {"model": "auth.permission", "pk": 3, "fields": {"name": "Can delete log entry", "content_type": 1, "codename": "delete_logentry"}}, {"model": "auth.permission", "pk": 4, "fields": {"name": "Can view log entry", "content_type": 1, "codename": "view_logentry"}}, {"model": "auth.permission", "pk": 5, "fields": {"name": "Can add permission", "content_type": 2, "codename": "add_permission"}}, {"model": "auth.permission", "pk": 6, "fields": {"name": "Can change permission", "content_type": 2, "codename": "change_permission"}}, {"model": "auth.permission", "pk": 7, "fields": {"name": "Can delete permission", "content_type": 2, "codename": "delete_permission"}}, {"model": "auth.permission", "pk": 8, "fields": {"name": "Can view permission", "content_type": 2, "codename": "view_permission"}}, {"model": "auth.permission", "pk": 9, "fields": {"name": "Can add group", "content_type": 3, "codename": "add_group"}}, {"model": "auth.permission", "pk": 10, "fields": {"name": "Can change group", "content_type": 3, "codename": "change_group"}}, {"model": "auth.permission", "pk": 11, "fields": {"name": "Can delete group", "content_type": 3, "codename": "delete_group"}}, {"model": "auth.permission", "pk": 12, "fields": {"name": "Can view group", "content_type": 3, "codename": "view_group"}}, {"model": "auth.permission", "pk": 13, "fields": {"name": "Can add user", "content_type": 4, "codename": "add_user"}}, {"model": "auth.permission", "pk": 14, "fields": {"name": "Can change user", "content_type": 4, "codename": "change_user"}}, {"model": "auth.permission", "pk": 15, "fields": {"name": "Can delete user", "content_type": 4, "codename": "delete_user"}}, {"model": "auth.permission", "pk": 16, "fields": {"name": "Can view user", "content_type": 4, "codename": "view_user"}}, {"model": "auth.permission", "pk": 17, "fields": {"name": "Can add content type", "content_type": 5, "codename": "add_contenttype"}}, {"model": "auth.permission", "pk": 18, "fields": {"name": "Can change content type", "content_type": 5, "codename": "change_contenttype"}}, {"model": "auth.permission", "pk": 19, "fields": {"name": "Can delete content type", "content_type": 5, "codename": "delete_contenttype"}}, {"model": "auth.permission", "pk": 20, "fields": {"name": "Can view content type", "content_type": 5, "codename": "view_contenttype"}}, {"model": "auth.permission", "pk": 21, "fields": {"name": "Can add session", "content_type": 6, "codename": "add_session"}}, {"model": "auth.permission", "pk": 22, "fields": {"name": "Can change session", "content_type": 6, "codename": "change_session"}}, {"model": "auth.permission", "pk": 23, "fields": {"name": "Can delete session", "content_type": 6, "codename": "delete_session"}}, {"model": "auth.permission", "pk": 24, "fields": {"name": "Can view session", "content_type": 6, "codename": "view_session"}}, {"model": "auth.permission", "pk": 25, "fields": {"name": "Can add customer", "content_type": 7, "codename": "add_customer"}}, {"model": "auth.permission", "pk": 26, "fields": {"name": "Can change customer", "content_type": 7, "codename": "change_customer"}}, {"model": "auth.permission", "pk": 27, "fields": {"name": "Can delete customer", "content_type": 7, "codename": "delete_customer"}}, {"model": "auth.permission", "pk": 28, "fields": {"name": "Can view customer", "content_type": 7, "codename": "view_customer"}}, {"model": "auth.permission", "pk": 29, "fields": {"name": "Can add order", "content_type": 8, "codename": "add_order"}}, {"model": "auth.permission", "pk": 30, "fields": {"name": "Can change order", "content_type": 8, "codename": "change_order"}}, {"model": "auth.permission", "pk": 31, "fields": {"name": "Can delete order", "content_type": 8, "codename": "delete_order"}}, {"model": "auth.permission", "pk": 32, "fields": {"name": "Can view order", "content_type": 8, "codename": "view_order"}}, {"model": "auth.permission", "pk": 33, "fields": {"name": "Can add product", "content_type": 9, "codename": "add_product"}}, {"model": "auth.permission", "pk": 34, "fields": {"name": "Can change product", "content_type": 9, "codename": "change_product"}}, {"model": "auth.permission", "pk": 35, "fields": {"name": "Can delete product", "content_type": 9, "codename": "delete_product"}}, {"model": "auth.permission", "pk": 36, "fields": {"name": "Can view product", "content_type": 9, "codename": "view_product"}}, {"model": "auth.permission", "pk": 37, "fields": {"name": "Can add shipping info", "content_type": 10, "codename": "add_shippinginfo"}}, {"model": "auth.permission", "pk": 38, "fields": {"name": "Can change shipping info", "content_type": 10, "codename": "change_shippinginfo"}}, {"model": "auth.permission", "pk": 39, "fields": {"name": "Can delete shipping info", "content_type": 10, "codename": "delete_shippinginfo"}}, {"model": "auth.permission", "pk": 40, "fields": {"name": "Can view shipping info", "content_type": 10, "codename": "view_shippinginfo"}}, {"model": "auth.permission", "pk": 41, "fields": {"name": "Can add order product", "content_type": 11, "codename": "add_orderproduct"}}, {"model": "auth.permission", "pk": 42, "fields": {"name": "Can change order product", "content_type": 11, "codename": "change_orderproduct"}}, {"model": "auth.permission", "pk": 43, "fields": {"name": "Can delete order product", "content_type": 11, "codename": "delete_orderproduct"}}, {"model": "auth.permission", "pk": 44, "fields": {"name": "Can view order product", "content_type": 11, "codename": "view_orderproduct"}}, {"model": "auth.user", "pk": 22, "fields": {"password": "pbkdf2_sha256$260000$QaRCIQB7aDi2oFpNlWF09R$K6kBg2AGSWwYs9rtLLJkAfPJaT1hLYPXwMdregD6+Ng=", "last_login": "2021-09-07T06:22:47.613Z", "is_superuser": true, "username": "admin", "first_name": "", "last_name": "", "email": "", "is_staff": true, "is_active": true, "date_joined": "2021-09-04T23:30:16.516Z", "groups": [], "user_permissions": []}}, {"model": "auth.user", "pk": 23, "fields": {"password": "pbkdf2_sha256$260000$14NEYCZoucZuhxhMS9S0XJ$453P3pcSjI028obirwvxMhF7wLZ3S+Q4SjUcBzo0Yl4=", "last_login": "2021-09-07T08:30:10.492Z", "is_superuser": false, "username": "SabinaIancu", "first_name": "Sabina", "last_name": "Iancu", "email": "claudiu_clau99@yahoo.com", "is_staff": false, "is_active": true, "date_joined": "2021-09-05T12:37:09.552Z", "groups": [], "user_permissions": []}}, {"model": "contenttypes.contenttype", "pk": 1, "fields": {"app_label": "admin", "model": "logentry"}}, {"model": "contenttypes.contenttype", "pk": 2, "fields": {"app_label": "auth", "model": "permission"}}, {"model": "contenttypes.contenttype", "pk": 3, "fields": {"app_label": "auth", "model": "group"}}, {"model": "contenttypes.contenttype", "pk": 4, "fields": {"app_label": "auth", "model": "user"}}, {"model": "contenttypes.contenttype", "pk": 5, "fields": {"app_label": "contenttypes", "model": "contenttype"}}, {"model": "contenttypes.contenttype", "pk": 6, "fields": {"app_label": "sessions", "model": "session"}}, {"model": "contenttypes.contenttype", "pk": 7, "fields": {"app_label": "shop", "model": "customer"}}, {"model": "contenttypes.contenttype", "pk": 8, "fields": {"app_label": "shop", "model": "order"}}, {"model": "contenttypes.contenttype", "pk": 9, "fields": {"app_label": "shop", "model": "product"}}, {"model": "contenttypes.contenttype", "pk": 10, "fields": {"app_label": "shop", "model": "shippinginfo"}}, {"model": "contenttypes.contenttype", "pk": 11, "fields": {"app_label": "shop", "model": "orderproduct"}}, {"model": "sessions.session", "pk": "3e43gnbslv8w5p1eu8s849o59qu14dao", "fields": {"session_data": ".eJxVjDEOAiEQRe9CbQjCgGBp7xnILDPIqoFk2a2Md1eSLbT9773_EhG3tcSt8xJnEmfhxeF3mzA9uA5Ad6y3JlOr6zJPcihyp11eG_Hzsrt_BwV7-dagFThn2ToVjEe2lG1wxC4lZgpZGwQg70xgAG-UPgalThmHapQ34v0B0Yw3LQ:1mKGwr:sksivGrvdqEkbSzz5_g0ZhAAUB4nMtYGC4Idmncu4zs", "expire_date": "2021-09-12T09:17:53.460Z"}}, {"model": "sessions.session", "pk": "6jqcrtrqt06236810waagng7q38ltxwh", "fields": {"session_data": ".eJxVjMsKwyAURP_FdREf0WCX3fcb5D60pi0KMVmF_nsRsmhXA3POzCEi7FuJe09rXFhchQ7i8lsi0CvVQfgJ9dEktbqtC8qhyJN2eW-c3rfT_Tso0MtYc1bsKTiCRAxaG_CWEHieXfBIU0bFxlqftfLWKJvdhJxc5jDCis8XQw45Rw:1mKRdo:sQeDEFZsOUpOcawWTS8AAF-i5lofRLx8L_10VmxX-ZU", "expire_date": "2021-09-12T20:42:56.824Z"}}, {"model": "sessions.session", "pk": "f8ou5ohe2x9wtnad1lcw3copo0umaba3", "fields": {"session_data": ".eJxVjEEOwiAQRe_C2pAyHaC4dO8ZyMCAVA0kpV0Z765NutDtf-_9l_C0rcVvPS1-ZnEWIE6_W6D4SHUHfKd6azK2ui5zkLsiD9rltXF6Xg7376BQL98abQLQRlutWIOxztCYogNkmjBjIhhAhTFER27IjhGZ0QWTlZ4gaiveH8JJN1E:1mKL97:GI45m_f1F84WUb8Ry5fOJXmK6iKBftDNVAj1s8yBzos", "expire_date": "2021-09-12T13:46:49.580Z"}}, {"model": "sessions.session", "pk": "mhbhdiucsiib3pu1g3anp4mcox47d4m3", "fields": {"session_data": ".eJxVjEEOwiAQRe_C2hCYIlCX7nsGMjCDVA0kpV0Z765NutDtf-_9lwi4rSVsnZcwk7gI0OL0O0ZMD647oTvWW5Op1XWZo9wVedAup0b8vB7u30HBXr41M2MEys5lb5KBAUCTsgp19kjJmzhoC6NiGgyZUaFzmiKDPVv02qB4fwAccTgh:1mLj9e:UwovXDaA6UcuYfMYtCPrGdqRz0u6iTJJYbkg7Ildk-c", "expire_date": "2021-09-16T09:37:06.122Z"}}, {"model": "sessions.session", "pk": "s5ku2wys3uynpbb2um0m1dssioiefs2o", "fields": {"session_data": ".eJxVjEEOwiAQRe_C2pAyHaC4dO8ZyMCAVA0kpV0Z765NutDtf-_9l_C0rcVvPS1-ZnEWIE6_W6D4SHUHfKd6azK2ui5zkLsiD9rltXF6Xg7376BQL98abQLQRlutWIOxztCYogNkmjBjIhhAhTFER27IjhGZ0QWTlZ4gaiveH8JJN1E:1mJgpx:_N16sV7AToqUsmTn_aB90LhAY2OvQzLTmwAw5MGXDEA", "expire_date": "2021-09-10T18:44:21.187Z"}}, {"model": "shop.customer", "pk": 21, "fields": {"user": 22, "email": "klaudiu2011@gmail.com", "first_name": "Claudiu", "last_name": "Mocanu-Vasile", "image": "default_profile_pic.jpg"}}, {"model": "shop.customer", "pk": 22, "fields": {"user": 23, "email": "claudiu_clau99@yahoo.com", "first_name": "Sabina", "last_name": "Iancu", "image": "acer_1.jpg"}}, {"model": "shop.product", "pk": 1, "fields": {"name": "HP GT12-1004nq OMEN Gaming System", "price": "2270.90", "discount": 50, "brand": "HP", "processor_manufacturer": "AMD", "processor_type": "Ryzen 9", "processor_model": "5900X", "gpu": "Dedicated", "gpu_manufacturer": "NVIDIA", "gpu_model": "RTX 3060Ti", "gpu_vram_type": "DDR6", "ram_type": "DDR4", "ram_memory": "16", "ram_frequency": "3200", "storage_type": "SSD", "storage": "1024", "image": "hp_1_CZHFDUF.jpg", "image2": "hp_2_bjCy8w1.jpg", "image3": "hp_3_0Q3zKmP.jpg"}}, {"model": "shop.product", "pk": 2, "fields": {"name": "HP Pavilion Gaming System", "price": "1660.90", "discount": 10, "brand": "HP", "processor_manufacturer": "Intel", "processor_type": "i7", "processor_model": "10700", "gpu": "Dedicated", "gpu_manufacturer": "NVIDIA", "gpu_model": "RTX 3060Ti", "gpu_vram_type": "DDR6", "ram_type": "DDR4", "ram_memory": "16", "ram_frequency": "3200", "storage_type": "SSD", "storage": "1024", "image": "hp_1.jpg", "image2": "hp_2.jpg", "image3": "hp_3.jpg"}}, {"model": "shop.product", "pk": 3, "fields": {"name": "Lenovo Legion T7 34IMZ5 Gaming System", "price": "2866.86", "discount": 0, "brand": "Lenovo", "processor_manufacturer": "Intel", "processor_type": "i9", "processor_model": "11900K", "gpu": "Dedicated", "gpu_manufacturer": "NVIDIA", "gpu_model": "RTX 3070", "gpu_vram_type": "DDR6", "ram_type": "DDR4", "ram_memory": "64", "ram_frequency": "3200", "storage_type": "SSD", "storage": "1024", "image": "legion.jpg", "image2": "legion2.jpg", "image3": "legion3.png"}}, {"model": "shop.product", "pk": 4, "fields": {"name": "Lenovo Legion T5 26AMR5 Gaming System", "price": "2246.49", "discount": 0, "brand": "Lenovo", "processor_manufacturer": "AMD", "processor_type": "Ryzen 9", "processor_model": "5900X", "gpu": "Dedicated", "gpu_manufacturer": "NVIDIA", "gpu_model": "RTX 3060Ti", "gpu_vram_type": "DDR6", "ram_type": "DDR4", "ram_memory": "16", "ram_frequency": "3200", "storage_type": "SSD", "storage": "1024", "image": "legion.jpg", "image2": "legion2.png", "image3": "legion3.png"}}, {"model": "shop.product", "pk": 5, "fields": {"name": "Lenovo Legion T5 26AMR4 Gaming System", "price": "2510.38", "discount": 20, "brand": "Lenovo", "processor_manufacturer": "AMD", "processor_type": "Ryzen 9", "processor_model": "5900X", "gpu": "Dedicated", "gpu_manufacturer": "NVIDIA", "gpu_model": "RTX 3070", "gpu_vram_type": "DDR6", "ram_type": "DDR4", "ram_memory": "32", "ram_frequency": "3200", "storage_type": "SSD", "storage": "1024", "image": "lenovo_1.png", "image2": "lenovo_2.png", "image3": "lenovo_3.png"}}, {"model": "shop.product", "pk": 6, "fields": {"name": "Lenovo Legion T7 34IMZ4 Gaming System", "price": "2386.88", "discount": 0, "brand": "Lenovo", "processor_manufacturer": "Intel", "processor_type": "i7", "processor_model": "11700K", "gpu": "Dedicated", "gpu_manufacturer": "NVIDIA", "gpu_model": "RTX 3060Ti", "gpu_vram_type": "DDR6", "ram_type": "DDR4", "ram_memory": "32", "ram_frequency": "3200", "storage_type": "SSD", "storage": "2048", "image": "llegion.jpg", "image2": "llegion1.jpg", "image3": "llegion4.png"}}, {"model": "shop.product", "pk": 7, "fields": {"name": "Lenovo Legion T5 28IMB05 Gaming System", "price": "1800.41", "discount": 0, "brand": "Lenovo", "processor_manufacturer": "Intel", "processor_type": "i5", "processor_model": "10400F", "gpu": "Dedicated", "gpu_manufacturer": "NVIDIA", "gpu_model": "RTX 3060", "gpu_vram_type": "DDR6", "ram_type": "DDR4", "ram_memory": "16", "ram_frequency": "3200", "storage_type": "SSD", "storage": "1024", "image": "Lenovo-Legion-T5-28IMB05.png", "image2": "Lenovo-Legion-T5-28IMB05-1.png", "image3": "Lenovo-Legion-T5-28IMB05-2.png"}}, {"model": "shop.product", "pk": 8, "fields": {"name": "Acer N50-610 Gaming System", "price": "1800.41", "discount": 0, "brand": "Acer", "processor_manufacturer": "Intel", "processor_type": "i7", "processor_model": "10700", "gpu": "Dedicated", "gpu_manufacturer": "NVIDIA", "gpu_model": "RTX 3060Ti", "gpu_vram_type": "DDR6", "ram_type": "DDR4", "ram_memory": "16", "ram_frequency": "2600", "storage_type": "SSD", "storage": "512", "image": "Acer-N50-610.jpg", "image2": "Acer-N50-610-1.jpg", "image3": "Acer-N50-610-2.jpg"}}, {"model": "shop.product", "pk": 9, "fields": {"name": "Dell Alienware Aurora R10", "price": "3484.10", "discount": 40, "brand": "Dell", "processor_manufacturer": "AMD", "processor_type": "Ryzen 9", "processor_model": "3950X", "gpu": "Dedicated", "gpu_manufacturer": "NVIDIA", "gpu_model": "RTX 2080Ti", "gpu_vram_type": "DDR6", "ram_type": "DDR4", "ram_memory": "64", "ram_frequency": "3200", "storage_type": "SSD", "storage": "2048", "image": "Dell-Alienware-Aurora-R10.png", "image2": "Dell-Alienware-Aurora-R10-1.png", "image3": "Dell-Alienware-Aurora-R10-2.png"}}, {"model": "shop.product", "pk": 10, "fields": {"name": "Lenovo IdeaCentre G5 14IOB6 Gaming System", "price": "1013.06", "discount": 30, "brand": "Lenovo", "processor_manufacturer": "Intel", "processor_type": "i5", "processor_model": "10400F", "gpu": "Dedicated", "gpu_manufacturer": "NVIDIA", "gpu_model": "GTX 1660 Super", "gpu_vram_type": "DDR6", "ram_type": "DDR4", "ram_memory": "16", "ram_frequency": "2666", "storage_type": "SSD", "storage": "512", "image": "Lenovo-IdeaCentre-G5-14IOB6.png", "image2": "Lenovo-IdeaCentre-G5-14IOB6-1.png", "image3": "Lenovo-IdeaCentre-G5-14IOB6-2.png"}}, {"model": "shop.product", "pk": 11, "fields": {"name": "Dell XPS 8940", "price": "1510.88", "discount": 20, "brand": "Dell", "processor_manufacturer": "Intel", "processor_type": "i9", "processor_model": "11900K", "gpu": "Integrated", "gpu_manufacturer": null, "gpu_model": null, "gpu_vram_type": "DDR6", "ram_type": "DDR4", "ram_memory": "16", "ram_frequency": "2600", "storage_type": "HDD", "storage": "1024", "image": "Dell-XPS-8940.png", "image2": "Dell-XPS-8940-1.png", "image3": "Dell-XPS-8940-2.png"}}, {"model": "shop.product", "pk": 12, "fields": {"name": "LENOVO Y720 CUBE", "price": "1630.23", "discount": 10, "brand": "Lenovo", "processor_manufacturer": "Intel", "processor_type": "i5", "processor_model": "7400", "gpu": "Dedicated", "gpu_manufacturer": "NVIDIA", "gpu_model": "GTX 1070", "gpu_vram_type": "DDR6", "ram_type": "DDR4", "ram_memory": "16", "ram_frequency": "2666", "storage_type": "HDD", "storage": "1024", "image": "LENOVO-Y720-CUBE.png", "image2": "LENOVO-Y720-CUBE-1.png", "image3": "LENOVO-Y720-CUBE-2.jpeg"}}, {"model": "shop.product", "pk": 13, "fields": {"name": "ACER Nitro N50-110 Gaming System", "price": "1382.66", "discount": 30, "brand": "Acer", "processor_manufacturer": "AMD", "processor_type": "Ryzen 5", "processor_model": "3600X", "gpu": "Dedicated", "gpu_manufacturer": "NVIDIA", "gpu_model": "GTX 1650", "gpu_vram_type": "DDR6", "ram_type": "DDR4", "ram_memory": "16", "ram_frequency": "3600", "storage_type": "SSD", "storage": "512", "image": "ACER-Nitro-N50-110.png", "image2": "ACER-Nitro-N50-110-1.png", "image3": "ACER-Nitro-N50-110.png"}}, {"model": "shop.product", "pk": 14, "fields": {"name": "ASUS ProArt Station D940MX-79700K057R Gaming System", "price": "4271.95", "discount": 50, "brand": "Asus", "processor_manufacturer": "Intel", "processor_type": "i7", "processor_model": "9700K", "gpu": "Dedicated", "gpu_manufacturer": "NVIDIA", "gpu_model": "RTX2080Ti", "gpu_vram_type": "DDR6", "ram_type": "DDR4", "ram_memory": "16", "ram_frequency": "3200", "storage_type": "SSD", "storage": "1024", "image": "ASUS-ProArt-Station-D940MX-79700K057R.png", "image2": "ASUS-ProArt-Station-D940MX-79700K057R-1.png", "image3": "ASUS-ProArt-Station-D940MX-79700K057R.png"}}, {"model": "shop.product", "pk": 15, "fields": {"name": "ACER Predator Orion 5000", "price": "3378.75", "discount": 20, "brand": "Acer", "processor_manufacturer": "Intel", "processor_type": "i7", "processor_model": "9700K", "gpu": "Dedicated", "gpu_manufacturer": "NVIDIA", "gpu_model": "RTX 2070", "gpu_vram_type": "DDR6", "ram_type": "DDR4", "ram_memory": "16", "ram_frequency": "3200", "storage_type": "SSD", "storage": "1024", "image": "ACER-Predator-Orion-5000.jpg", "image2": "ACER-Predator-Orion-5000-1.png", "image3": "ACER-Predator-Orion-5000-2.png"}}, {"model": "shop.order", "pk": 11, "fields": {"customer": 21, "date_ordered": "2021-09-05T12:16:07.200Z", "complete": true, "transaction_id": "1630846934.063236"}}, {"model": "shop.order", "pk": 12, "fields": {"customer": 22, "date_ordered": "2021-09-05T12:37:27.088Z", "complete": true, "transaction_id": "1630886842.080628"}}, {"model": "shop.order", "pk": 13, "fields": {"customer": 21, "date_ordered": "2021-09-05T13:02:17.813Z", "complete": false, "transaction_id": null}}, {"model": "shop.order", "pk": 14, "fields": {"customer": 22, "date_ordered": "2021-09-06T00:07:26.154Z", "complete": true, "transaction_id": "1631003476.664981"}}, {"model": "shop.order", "pk": 15, "fields": {"customer": 22, "date_ordered": "2021-09-07T08:31:19.344Z", "complete": false, "transaction_id": null}}, {"model": "shop.order", "pk": 16, "fields": {"customer": 22, "date_ordered": "2021-09-07T10:19:58.582Z", "complete": false, "transaction_id": null}}, {"model": "shop.order", "pk": 17, "fields": {"customer": 22, "date_ordered": "2021-09-07T10:21:44.976Z", "complete": false, "transaction_id": null}}, {"model": "shop.order", "pk": 18, "fields": {"customer": 22, "date_ordered": "2021-09-07T10:23:30.488Z", "complete": false, "transaction_id": null}}, {"model": "shop.order", "pk": 19, "fields": {"customer": 22, "date_ordered": "2021-09-07T10:24:31.548Z", "complete": true, "transaction_id": "1631010270.156488"}}, {"model": "shop.order", "pk": 20, "fields": {"customer": 22, "date_ordered": "2021-09-07T10:29:10.375Z", "complete": true, "transaction_id": "1631010550.048734"}}, {"model": "shop.orderproduct", "pk": 12, "fields": {"product": 3, "order": 11, "quantity": 1, "date_added": "2021-09-05T12:17:38.934Z"}}, {"model": "shop.orderproduct", "pk": 13, "fields": {"product": 6, "order": 12, "quantity": 2, "date_added": "2021-09-05T14:58:10.017Z"}}, {"model": "shop.orderproduct", "pk": 14, "fields": {"product": 2, "order": 12, "quantity": 1, "date_added": "2021-09-05T15:18:53.472Z"}}, {"model": "shop.orderproduct", "pk": 15, "fields": {"product": 8, "order": 12, "quantity": 1, "date_added": "2021-09-05T15:19:00.039Z"}}, {"model": "shop.orderproduct", "pk": 16, "fields": {"product": 8, "order": 14, "quantity": 2, "date_added": "2021-09-06T00:37:24.030Z"}}, {"model": "shop.orderproduct", "pk": 17, "fields": {"product": 6, "order": 14, "quantity": 1, "date_added": "2021-09-07T08:30:18.631Z"}}, {"model": "shop.orderproduct", "pk": 18, "fields": {"product": 2, "order": 14, "quantity": 1, "date_added": "2021-09-07T08:30:23.992Z"}}, {"model": "shop.orderproduct", "pk": 19, "fields": {"product": 4, "order": 16, "quantity": 1, "date_added": "2021-09-07T10:19:58.845Z"}}, {"model": "shop.orderproduct", "pk": 20, "fields": {"product": 4, "order": 17, "quantity": 1, "date_added": "2021-09-07T10:21:45.268Z"}}, {"model": "shop.orderproduct", "pk": 21, "fields": {"product": 4, "order": 18, "quantity": 1, "date_added": "2021-09-07T10:23:30.899Z"}}, {"model": "shop.orderproduct", "pk": 22, "fields": {"product": 4, "order": 19, "quantity": 1, "date_added": "2021-09-07T10:24:31.816Z"}}, {"model": "shop.orderproduct", "pk": 23, "fields": {"product": 3, "order": 20, "quantity": 1, "date_added": "2021-09-07T10:29:10.534Z"}}, {"model": "shop.orderproduct", "pk": 24, "fields": {"product": 4, "order": 20, "quantity": 1, "date_added": "2021-09-07T10:29:10.693Z"}}, {"model": "shop.shippinginfo", "pk": 22, "fields": {"customer": 21, "order": null, "address": "Primaverii 2A", "city": "Plopeni", "county": "Romania", "zipcode": "123456", "date_added": "2021-09-05T12:15:19.946Z"}}, {"model": "shop.shippinginfo", "pk": 23, "fields": {"customer": 22, "order": null, "address": "Luceafarului", "city": "Calarasi", "county": "Romania", "zipcode": "910134", "date_added": "2021-09-05T12:37:11.074Z"}}, {"model": "shop.shippinginfo", "pk": 24, "fields": {"customer": 22, "order": 16, "address": "Luceafarului", "city": "Calarasi", "county": "Romania", "zipcode": "910134", "date_added": "2021-09-07T10:19:59.604Z"}}, {"model": "shop.shippinginfo", "pk": 25, "fields": {"customer": 22, "order": 17, "address": "Luceafarului", "city": "Calarasi", "county": "Romania", "zipcode": "910134", "date_added": "2021-09-07T10:21:45.542Z"}}, {"model": "shop.shippinginfo", "pk": 26, "fields": {"customer": 22, "order": 18, "address": "Luceafarului", "city": "Calarasi", "county": "Romania", "zipcode": "910134", "date_added": "2021-09-07T10:23:31.165Z"}}, {"model": "shop.shippinginfo", "pk": 27, "fields": {"customer": 22, "order": 19, "address": "Luceafarului", "city": "Calarasi", "county": "Romania", "zipcode": "910134", "date_added": "2021-09-07T10:24:32.086Z"}}, {"model": "shop.shippinginfo", "pk": 28, "fields": {"customer": 22, "order": 20, "address": "Luceafarului", "city": "Calarasi", "county": "Romania", "zipcode": "910134", "date_added": "2021-09-07T10:29:10.857Z"}}]